std_dev,rms,min_val,max_val,zero_crossings,mean_amp_change,amp_first_pulse,mean_abs_val,waveform_length,wilson_amp
0.013191599976342267,0.01684087676631871,-0.046875,0.015625,72,0.014891063758389264,0.0078125,0.013177183333333333,2.2187685000000004,0.01684087676631871
0.012180889746910938,0.015960042881521343,-0.046875,0.015625,72,0.014891033557046981,0.0,0.013020893333333334,2.218764,0.015960042881521343
0.012354297724233009,0.015960083673809484,-0.039063,0.023438,72,0.014524057046979868,0.03125,0.012812583333333334,2.1640845000000004,0.015960083673809484
0.013409015320888904,0.01657294403533462,-0.054688,0.03125,69,0.015677546979865776,0.0078125,0.012864663333333333,2.3359545000000006,0.01657294403533462
0.012459372206246546,0.016074428937860697,-0.039063,0.023438,74,0.014419177852348994,0.0078125,0.013281356666666667,2.1484575,0.016074428937860697
0.01137157675279564,0.01510877659656797,-0.039063,0.023438,63,0.01352781879194631,0.0078125,0.01213549,2.015645,0.01510877659656797
0.012556950579238309,0.016150171730304707,-0.039063,0.03125,82,0.015205684563758391,0.0078125,0.012656336666666667,2.2656470000000004,0.016150171730304707
0.011075741127489193,0.014277986955216527,-0.039063,0.015625,79,0.013632664429530199,0.0078125,0.011197986666666668,2.0312669999999997,0.014277986955216527
0.01191444722337083,0.01545492522078318,-0.039063,0.023438,77,0.01342293624161074,0.023438,0.012239660000000001,2.0000175000000002,0.01545492522078318
0.011732590857076994,0.015149094102013714,-0.039063,0.015625,73,0.013842382550335573,0.0078125,0.012291723333333332,2.0625150000000003,0.015149094102013714
0.011618393441880088,0.01502773044469235,-0.039063,0.023438,80,0.013527785234899328,0.015625,0.011822969999999999,2.01564,0.01502773044469235
0.01145322540840158,0.015068327020774402,-0.039063,0.03125,68,0.012584006711409395,0.015625,0.01239591,1.875017,0.015068327020774402
0.011190245916521823,0.014699233789158309,-0.039063,0.015625,79,0.01279373154362416,0.0,0.011510476666666667,1.906266,0.014699233789158309
0.01194537845905083,0.015612118858544901,-0.039063,0.015625,69,0.013632687919463088,0.0078125,0.012448006666666667,2.0312705,0.015612118858544901
0.011899309884902289,0.015883429522094192,-0.03125,0.023438,71,0.013789989932885908,0.015625,0.012916766666666666,2.0547085000000003,0.015883429522094192
0.012938305136231459,0.015947358880339196,-0.039063,0.03125,71,0.014838651006711409,0.023438,0.012968849999999999,2.210959,0.015947358880339196
0.012942478129822485,0.016646439028613097,-0.054688,0.023438,74,0.014628909395973156,0.015625,0.0133855,2.1797075,0.016646439028613097
0.011140196106823654,0.01521610560634137,-0.039063,0.0078125,67,0.01305590268456376,0.0,0.011927146666666666,1.9453295000000002,0.01521610560634137
0.010459509754213572,0.014363217092281241,-0.039063,0.015625,71,0.011587755033557048,0.015625,0.011406313333333333,1.7265755,0.014363217092281241
0.012270126749538219,0.015441753801085333,-0.054688,0.023438,69,0.013789969798657717,0.015625,0.012500073333333335,2.0547055,0.015441753801085333
0.010555036014773023,0.01450417953533854,-0.039063,0.015625,68,0.012059691275167785,0.015625,0.01171882,1.796894,0.01450417953533854
0.011081611090972589,0.014891763139791965,-0.039063,0.015625,70,0.011745080536912752,0.03125,0.012031323333333333,1.7500170000000002,0.014891763139791965
0.011830685708599294,0.015832072867600126,-0.039063,0.015625,55,0.01195478523489933,0.03125,0.012916736666666668,1.781263,0.015832072867600126
0.010905415951547499,0.014973494812723805,-0.039063,0.015625,67,0.012321825503355706,0.015625,0.011718813333333333,1.8359520000000003,0.014973494812723805
0.012906262935121418,0.016137543571952538,-0.039063,0.03125,68,0.013370486577181208,0.0,0.012812573333333334,1.9922025,0.016137543571952538
0.011457129476054054,0.014837019966848688,-0.039063,0.015625,71,0.013580238255033556,0.03125,0.012135493333333334,2.0234555,0.014837019966848688
0.00977026815322043,0.01357679258545012,-0.03125,0.015625,72,0.011168312080536914,0.015625,0.010781316666666667,1.6640785,0.01357679258545012
0.009439819078127975,0.014019130345888078,-0.03125,0.0078125,42,0.009909922818791947,0.0078125,0.011197976666666666,1.4765785,0.014019130345888078
0.01064653455127014,0.015041312901195383,-0.039063,0.015625,70,0.012479167785234899,0.0078125,0.01197925,1.859396,0.015041312901195383
0.011697902621136834,0.015122263872515912,-0.039063,0.023438,59,0.011954835570469799,0.023438,0.012500093333333335,1.7812705,0.015122263872515912
0.01094948847881286,0.015041285199465725,-0.03125,0.023438,69,0.012216976510067114,0.0078125,0.012291736666666666,1.8203295,0.015041285199465725
0.010122084192223237,0.014192210122281869,-0.03125,0.015625,72,0.012269399328859064,0.0078125,0.01171881,1.8281405000000004,0.014192210122281869
0.009940920665346959,0.013990090430074664,-0.039063,0.015625,51,0.010381818791946308,0.015625,0.011718816666666666,1.546891,0.013990090430074664
0.011354891408079996,0.01502777723350995,-0.039063,0.023438,64,0.01137807046979866,0.015625,0.011927160000000001,1.6953325000000004,0.01502777723350995
0.010633782940137322,0.014740722719392018,-0.046875,0.023438,63,0.012479154362416107,0.015625,0.01218758,1.859394,0.014740722719392018
0.010193017423664213,0.014574160211541065,-0.039063,0.0078125,69,0.01184996644295302,0.0,0.011354243333333331,1.765645,0.014574160211541065
0.010868054879856223,0.015162543797518496,-0.039063,0.015625,68,0.011954795302013422,0.023438,0.012447989999999999,1.7812644999999998,0.015162543797518496
0.010409078596108089,0.014615972108051293,-0.03125,0.015625,71,0.011640221476510067,0.0,0.011822993333333332,1.7343929999999999,0.014615972108051293
0.011532672633048538,0.015162576430365213,-0.039063,0.023438,70,0.013685130872483221,0.015625,0.01255218,2.0390845,0.015162576430365213
0.011360462751093764,0.014795811626999942,-0.046875,0.015625,73,0.012531560402684565,0.0,0.011562570000000001,1.8672025,0.014795811626999942
0.010690375564852715,0.014532202926948137,-0.03125,0.015625,69,0.013003476510067115,0.0078125,0.011510486666666668,1.937518,0.014532202926948137
0.011984841273616806,0.01584496584907438,-0.039063,0.023438,66,0.014052191275167786,0.023438,0.01296885,2.0937765,0.01584496584907438
0.011222250384317855,0.015135721924473903,-0.046875,0.023438,56,0.011587822147651007,0.0078125,0.011927183333333332,1.7265855,0.015135721924473903
0.011829007434245418,0.01532274742297651,-0.039063,0.023438,70,0.012584026845637582,0.0078125,0.012448009999999999,1.87502,0.01532274742297651
0.01203848862501943,0.015068365042310773,-0.039063,0.023438,76,0.013527832214765103,0.023438,0.012083430000000001,2.0156470000000004,0.015068365042310773
0.011039428744856623,0.015000667521202738,-0.03125,0.015625,71,0.012479127516778524,0.0,0.012239663333333333,1.85939,0.015000667521202738
0.010232849134966707,0.014235171379427317,-0.039063,0.015625,59,0.010748855704697987,0.015625,0.011354236666666668,1.6015795000000002,0.014235171379427317
0.01133047547610965,0.015216124432598904,-0.03125,0.03125,61,0.01274131879194631,0.0078125,0.01265633,1.8984565000000002,0.015216124432598904
0.011446110937307727,0.015546802660247112,-0.039063,0.015625,65,0.012846164429530202,0.0,0.012395913333333333,1.9140785,0.015546802660247112
0.010193133387749596,0.014837011190881178,-0.03125,0.015625,61,0.01195479865771812,0.0078125,0.01244799,1.7812649999999999,0.014837011190881178
0.009986520743435458,0.014657666510623942,-0.03125,0.015625,53,0.01085371476510067,0.0078125,0.012395906666666666,1.6172035,0.014657666510623942
0.010080749834094686,0.013873268474299774,-0.039063,0.015625,57,0.010853744966442954,0.023438,0.011510486666666667,1.617208,0.013873268474299774
0.011657491036334629,0.015703093181493467,-0.039063,0.015625,59,0.011745104026845638,0.0078125,0.012291766666666665,1.7500205,0.015703093181493467
0.010722679528928393,0.015095296247010193,-0.039063,0.015625,63,0.01164020134228188,0.015625,0.012187570000000002,1.73439,0.015095296247010193
0.010972397274212942,0.014671548963782477,-0.046875,0.023438,54,0.010539124161073825,0.0078125,0.011302159999999999,1.5703295,0.014671548963782477
0.011178504112914912,0.015068333933838428,-0.03125,0.023438,66,0.012898624161073827,0.0,0.01229175,1.9218950000000001,0.015068333933838428
0.00967361359771805,0.014292260071917714,-0.03125,0.015625,58,0.0113256644295302,0.0,0.011770926666666666,1.6875239999999998,0.014292260071917714
0.00865970958869997,0.012916331313754173,-0.03125,0.023438,63,0.009647724832214766,0.0078125,0.01052088,1.437511,0.012916331313754173
0.010762095909629107,0.014905438047068592,-0.039063,0.015625,64,0.011797523489932885,0.023438,0.01229175,1.757831,0.014905438047068592
0.010638497824879014,0.014077087805366562,-0.03125,0.015625,65,0.011378046979865773,0.023438,0.011406326666666668,1.695329,0.014077087805366562
0.009510270336408248,0.014220877589363698,-0.039063,0.0078125,68,0.011115885906040268,0.03125,0.01151049,1.656267,0.014220877589363698
0.010448119657538064,0.01486444566199269,-0.039063,0.015625,64,0.012793788590604028,0.023438,0.012031343333333335,1.9062745,0.01486444566199269
0.01089647424159709,0.014754504080392987,-0.039063,0.023438,61,0.012112100671140939,0.023438,0.01161465,1.804703,0.014754504080392987
0.009624824918848597,0.014220875758077161,-0.039063,0.023438,61,0.011430510067114093,0.015625,0.011510486666666667,1.7031459999999998,0.014220875758077161
0.009493696786406934,0.01390255053895987,-0.039063,0.015625,55,0.010381805369127516,0.0078125,0.01140631,1.546889,0.01390255053895987
0.009479968822696036,0.013666394497818361,-0.039063,0.015625,57,0.009700167785234899,0.015625,0.011406306666666666,1.445325,0.013666394497818361
0.009493672647277004,0.013902524314490516,-0.03125,0.015625,47,0.010224500000000001,0.0078125,0.01161463,1.5234505,0.013902524314490516
0.009765674794492642,0.013829181104762975,-0.039063,0.015625,65,0.010329352348993287,0.0,0.011041723333333335,1.5390734999999998,0.013829181104762975
0.010527626356190438,0.01437737661629084,-0.039063,0.015625,57,0.010643973154362416,0.015625,0.011875066666666666,1.585952,0.01437737661629084
0.010710024803019313,0.014795816907265828,-0.046875,0.015625,54,0.010801281879194631,0.015625,0.012083406666666666,1.609391,0.014795816907265828
0.010367283904025524,0.013873242194478788,-0.03125,0.023438,62,0.011115872483221476,0.015625,0.011510473333333332,1.6562649999999999,0.013873242194478788
0.009991430357519166,0.014433893851163887,-0.039063,0.0078125,70,0.011902395973154362,0.023438,0.01156258,1.773457,0.014433893851163887
0.010318505702121903,0.014699240875807158,-0.039063,0.015625,56,0.011849956375838926,0.023438,0.012031316666666667,1.7656435,0.014699240875807158
0.010510196232653741,0.013843869921376753,-0.03125,0.015625,72,0.011220711409395973,0.015625,0.010989633333333334,1.671886,0.013843869921376753
0.00935321319513959,0.013960958398452928,-0.039063,0.015625,53,0.009490436241610738,0.0,0.011718806666666666,1.414075,0.013960958398452928
0.011310214073676944,0.014959916932256009,-0.039063,0.015625,72,0.012374261744966442,0.015625,0.011875073333333335,1.8437649999999999,0.014959916932256009
0.0104110295761413,0.014292216341421648,-0.03125,0.023438,54,0.010329375838926175,0.023438,0.012083400000000001,1.539077,0.014292216341421648
0.009921122809956207,0.014235178697098725,-0.03125,0.0078125,66,0.010539110738255033,0.0078125,0.011250076666666668,1.5703274999999999,0.014235178697098725
0.009026584234239562,0.013471457095404838,-0.039063,0.015625,53,0.009070956375838926,0.015625,0.01114588,1.3515725,0.013471457095404838
0.010162228242109219,0.014220873926907586,-0.03125,0.023438,62,0.0114305,0.023438,0.011927156666666666,1.7031445,0.014220873926907586
0.009527763306826004,0.013887884408901163,-0.039063,0.015625,54,0.010224479865771812,0.0,0.011250043333333333,1.5234475,0.013887884408901163
0.010468699379124844,0.014405632218337383,-0.039063,0.015625,56,0.011482895973154364,0.0078125,0.01197922,1.7109515000000002,0.014405632218337383
0.010099552014542802,0.014249439865774842,-0.039063,0.015625,63,0.011273177852348994,0.0078125,0.011927143333333333,1.6797035,0.014249439865774842
0.010487353264876808,0.01420655475305912,-0.03125,0.015625,75,0.012216969798657717,0.0,0.011354236666666667,1.8203285,0.01420655475305912
0.01044654914778666,0.015162550667626253,-0.039063,0.023438,54,0.011115909395973152,0.0078125,0.012760496666666668,1.6562704999999998,0.015162550667626253
0.010862460077064599,0.01512225698410569,-0.039063,0.023438,51,0.011692661073825503,0.015625,0.012291753333333334,1.7422065,0.01512225698410569
0.009977926846240824,0.014163479115080917,-0.039063,0.015625,70,0.010906087248322148,0.0078125,0.011197953333333333,1.625007,0.014163479115080917
0.009597576120687974,0.014629883445195316,-0.039063,0.015625,47,0.010224536912751677,0.0,0.012083406666666668,1.523456,0.014629883445195316
0.00915314370096356,0.013710988219186341,-0.039063,0.023438,60,0.010276953020134228,0.015625,0.01125006,1.531266,0.013710988219186341
0.009991393867488605,0.014433854158308976,-0.03125,0.015625,55,0.010381795302013422,0.0078125,0.01187506,1.5468875,0.014433854158308976
0.010222913611560715,0.014782081109178549,-0.03125,0.015625,66,0.011430523489932886,0.015625,0.012239670000000001,1.7031479999999999,0.014782081109178549
0.010616551176765876,0.014837030498047781,-0.039063,0.015625,58,0.01164023489932886,0.015625,0.0121355,1.7343950000000001,0.014837030498047781
0.010754492279469386,0.014685370413839301,-0.039063,0.015625,65,0.01216452013422819,0.0078125,0.011979216666666667,1.8125135,0.014685370413839301
0.010874911207805588,0.014987082981076294,-0.039063,0.015625,67,0.012688869127516779,0.0078125,0.012187563333333335,1.8906415,0.014987082981076294
0.011285365440361248,0.01532271003266067,-0.039063,0.023438,66,0.012793744966442953,0.015625,0.012656323333333335,1.9062679999999999,0.01532271003266067
0.009785659506241773,0.014292214519275872,-0.039063,0.0078125,55,0.010486661073825503,0.023438,0.011562563333333333,1.5625125,0.014292214519275872
0.009861486668122386,0.014306475261805987,-0.039063,0.015625,75,0.011954838926174497,0.0078125,0.011718833333333333,1.781271,0.014306475261805987
0.011948091398024855,0.016023694208369473,-0.039063,0.015625,65,0.013842389261744966,0.015625,0.012968833333333334,2.062516,0.016023694208369473
0.009484964162367136,0.013858561960330995,-0.039063,0.015625,49,0.009280708053691276,0.0078125,0.011041716666666668,1.3828255,0.013858561960330995
0.01009151313529454,0.01439153306623956,-0.03125,0.023438,62,0.011325617449664429,0.015625,0.012031326666666665,1.687517,0.01439153306623956
0.010724854920023653,0.01469927099382823,-0.039063,0.015625,72,0.011378053691275166,0.023438,0.011614666666666667,1.6953299999999998,0.01469927099382823
0.01132135831175551,0.015349240787196393,-0.046875,0.015625,71,0.012321822147651006,0.0,0.012135486666666665,1.8359515,0.015349240787196393
0.011265516184071048,0.01520274612106861,-0.039063,0.015625,67,0.012688872483221477,0.015625,0.012187576666666667,1.8906420000000002,0.01520274612106861
0.012180902574511189,0.01596005267169671,-0.046875,0.03125,64,0.013737523489932886,0.015625,0.012604233333333334,2.046891,0.01596005267169671
0.01082340933413877,0.014878089666295648,-0.039063,0.023438,59,0.011902392617449664,0.0,0.012395903333333333,1.7734565,0.014878089666295648
0.01204714596526174,0.01569011515535604,-0.039063,0.023438,62,0.013318104026845638,0.0078125,0.013385510000000002,1.9843975,0.01569011515535604
0.01072423977667674,0.01487811417121359,-0.039063,0.023438,57,0.011587818791946309,0.015625,0.01197925,1.726585,0.01487811417121359
0.0100354004922884,0.014277939533186618,-0.046875,0.015625,57,0.010276926174496643,0.03125,0.011406293333333333,1.531262,0.014277939533186618
0.009827156430133908,0.01432066361189313,-0.03125,0.015625,61,0.011168318791946307,0.0078125,0.011562570000000001,1.6640794999999997,0.01432066361189313
0.009485007945651214,0.01385860893836992,-0.03125,0.023438,51,0.010748875838926175,0.0078125,0.011666746666666667,1.6015825000000001,0.01385860893836992
0.008835975539365569,0.013150462405431478,-0.03125,0.015625,66,0.010486651006711409,0.0,0.010572953333333334,1.562511,0.013150462405431478
0.009466670812977966,0.013770233220731351,-0.03125,0.015625,56,0.010591570469798658,0.0,0.01104174,1.578144,0.013770233220731351
0.00914438879214036,0.013666402120041202,-0.03125,0.015625,64,0.010591543624161074,0.015625,0.011406313333333333,1.5781399999999999,0.013666402120041202
0.009848659103592056,0.013887910661134982,-0.03125,0.0078125,70,0.012164557046979866,0.015625,0.01104173,1.812519,0.013887910661134982
0.009430068626522998,0.014560186691568666,-0.039063,0.015625,57,0.01116831879194631,0.015625,0.012031320000000002,1.6640795000000002,0.014560186691568666
0.009249243326264887,0.013621660524510219,-0.039063,0.015625,55,0.00985748322147651,0.015625,0.011041723333333333,1.4687649999999999,0.013621660524510219
0.008998467917178395,0.01372583198121945,-0.03125,0.015625,54,0.009805050335570468,0.015625,0.011510486666666668,1.4609524999999999,0.01372583198121945
0.008909831805460752,0.013471464827924244,-0.03125,0.015625,58,0.008861238255033557,0.0078125,0.01104172,1.3203245,0.013471464827924244
0.007923078994325516,0.013212219132240176,-0.03125,0.0078125,52,0.00901855033557047,0.0078125,0.01067713,1.343764,0.013212219132240176
0.008498433026581364,0.012500075000574996,-0.03125,0.015625,63,0.009228258389261746,0.0078125,0.010208373333333333,1.3750105000000001,0.012500075000574996
0.01027584280466084,0.014447975097396867,-0.03125,0.015625,53,0.011115906040268457,0.015625,0.01203133,1.6562700000000001,0.014447975097396867
0.01025347911938187,0.014177856488552845,-0.03125,0.015625,64,0.011063419463087247,0.0078125,0.01135422,1.6484495,0.014177856488552845
0.01000281009278504,0.014292225451913826,-0.039063,0.015625,52,0.01111589932885906,0.0078125,0.01187507,1.656269,0.014292225451913826
0.009197059191565288,0.013395773394121992,-0.039063,0.015625,58,0.010434265100671141,0.0078125,0.010989653333333333,1.5547055,0.013395773394121992
0.008429868649142101,0.01331959122664806,-0.03125,0.015625,56,0.009385593959731544,0.0078125,0.010729223333333334,1.3984535,0.01331959122664806
0.009804475276142467,0.014004599319866312,-0.03125,0.015625,58,0.010224493288590604,0.0078125,0.011458386666666667,1.5234495,0.014004599319866312
0.008647955694696483,0.013181397680759554,-0.03125,0.0078125,55,0.009123395973154364,0.0,0.010468803333333334,1.3593860000000002,0.013181397680759554
0.00941781357469214,0.014120356907611554,-0.03125,0.015625,57,0.010906140939597315,0.0,0.011562563333333333,1.6250149999999999,0.014120356907611554
0.009679849605570097,0.014334814301610838,-0.03125,0.015625,58,0.010958540268456376,0.015625,0.011510456666666667,1.6328225,0.014334814301610838
0.00795023824872144,0.012693877708105327,-0.03125,0.015625,48,0.008651493288590604,0.0078125,0.010833369999999998,1.2890725,0.012693877708105327
0.010002392241283528,0.01396096585985368,-0.03125,0.015625,63,0.01143048322147651,0.0,0.01151048,1.7031420000000002,0.01396096585985368
0.009951130380939421,0.013887899410217994,-0.03125,0.015625,60,0.011011,0.0078125,0.011250056666666668,1.640639,0.013887899410217994
0.008625356526109516,0.013725826289335006,-0.03125,0.0078125,49,0.009280728187919463,0.015625,0.011197983333333333,1.3828285,0.013725826289335006
0.008423406831994338,0.012916319216531207,-0.03125,0.0078125,55,0.009333127516778523,0.015625,0.01062504,1.390636,0.012916319216531207
0.008469176169207171,0.0133042844376038,-0.03125,0.0078125,52,0.008441761744966442,0.0078125,0.010468793333333334,1.2578224999999998,0.0133042844376038
0.00889111402121429,0.013814486095339678,-0.03125,0.015625,57,0.009438026845637585,0.023438,0.01151049,1.406266,0.013814486095339678
0.00989607711242973,0.014105956005295541,-0.039063,0.015625,59,0.011011026845637583,0.0078125,0.01151048,1.6406429999999999,0.014105956005295541
0.008990493476450557,0.013681303773946399,-0.03125,0.023438,50,0.009070993288590604,0.015625,0.011250076666666666,1.351578,0.013681303773946399
0.00911930000981374,0.013380573217105958,-0.03125,0.015625,60,0.010276959731543623,0.0078125,0.011145903333333334,1.531267,0.013380573217105958
0.009775270005330914,0.014476103694076894,-0.039063,0.015625,50,0.010434281879194632,0.023438,0.01213549,1.5547080000000002,0.014476103694076894
0.009858746567893687,0.013931827135495666,-0.039063,0.023438,51,0.010906181208053691,0.0078125,0.011302166666666667,1.625021,0.013931827135495666
0.008517099111831836,0.013576769567966699,-0.03125,0.015625,40,0.00859908724832215,0.0078125,0.011406303333333333,1.2812640000000002,0.013576769567966699
0.009655064554888623,0.013975547843883138,-0.03125,0.015625,62,0.011168332214765101,0.015625,0.010937573333333334,1.6640815,0.013975547843883138
0.01060312676787633,0.014292232740373353,-0.03125,0.023438,64,0.011692640939597316,0.0078125,0.011875076666666666,1.7422035,0.014292232740373353
0.00943218724753172,0.013975508712565707,-0.03125,0.015625,63,0.010906120805369127,0.015625,0.011562550000000001,1.625012,0.013975508712565707
0.009051366064537809,0.014077076705646903,-0.03125,0.015625,54,0.01027696644295302,0.0078125,0.011822986666666667,1.531268,0.014077076705646903
0.009921132504532377,0.01423518784409488,-0.039063,0.015625,61,0.011378070469798657,0.015625,0.011354246666666666,1.6953325,0.01423518784409488
0.009415663157871568,0.013546789096498106,-0.03125,0.015625,58,0.00990993624161074,0.0078125,0.011093816666666667,1.4765805,0.013546789096498106
0.008337500678328141,0.012741912264452303,-0.03125,0.015625,56,0.008599097315436241,0.023438,0.010364643333333333,1.2812655,0.012741912264452303
0.008015009434829133,0.012613523043543386,-0.03125,0.015625,50,0.009071003355704698,0.0078125,0.010156306666666665,1.3515795,0.012613523043543386
0.00929606730767192,0.013501660778647442,-0.039063,0.015625,40,0.00870396644295302,0.0,0.010937563333333334,1.296891,0.013501660778647442
0.007872089543051592,0.012402060061806936,-0.03125,0.0078125,60,0.008179610738255032,0.015625,0.009895886666666666,1.218762,0.012402060061806936
0.007886009556156325,0.012451151428482427,-0.03125,0.0078125,47,0.008074744966442952,0.03125,0.010364623333333333,1.203137,0.012451151428482427
0.008116407167146065,0.013041751864492744,-0.03125,0.0078125,43,0.007393110738255033,0.0,0.010729223333333333,1.1015735,0.013041751864492744
0.00875504723622069,0.013135018003223291,-0.03125,0.0078125,60,0.009280718120805368,0.023438,0.01052089,1.3828269999999998,0.013135018003223291
0.00846005339786471,0.013258340536243592,-0.03125,0.015625,48,0.00870395302013423,0.0078125,0.011041716666666668,1.2968890000000002,0.013258340536243592
0.007795189044572442,0.012597352153131229,-0.03125,0.0078125,56,0.008651496644295301,0.0,0.01031254,1.289073,0.012597352153131229
0.007557751127713558,0.012369213715713704,-0.023438,0.0078125,60,0.00928073489932886,0.0078125,0.010000056666666667,1.3828295000000002,0.012369213715713704
0.007671744968203489,0.01285318742997238,-0.039063,0.0078125,40,0.008284489932885906,0.0078125,0.010833386666666667,1.2343890000000002,0.01285318742997238
0.008294929970897886,0.013561793377536761,-0.03125,0.0078125,47,0.008861255033557046,0.015625,0.011562563333333333,1.3203269999999998,0.013561793377536761
0.008625332573316939,0.012932073138067745,-0.03125,0.015625,57,0.009385560402684566,0.0078125,0.01067713,1.3984485000000002,0.012932073138067745
0.008542574171170865,0.013755456305166081,-0.03125,0.015625,55,0.009123426174496643,0.023438,0.011406326666666666,1.3593905,0.013755456305166081
0.009285112086157066,0.013456377245566505,-0.03125,0.015625,59,0.009909926174496644,0.023438,0.010885483333333335,1.476579,0.013456377245566505
0.008284611206105102,0.013026136587709599,-0.03125,0.0078125,45,0.008127197986577182,0.0078125,0.010677136666666667,1.2109525,0.013026136587709599
0.009096058557358174,0.013829194286604937,-0.03125,0.015625,49,0.00875640268456376,0.015625,0.011041733333333333,1.304704,0.013829194286604937
0.007890154698715074,0.013026136587709599,-0.03125,0.0078125,42,0.007340697986577181,0.015625,0.01057297,1.093764,0.013026136587709599
0.00816389654490768,0.01286900851801205,-0.03125,0.0078125,61,0.009647758389261745,0.023438,0.010260473333333332,1.437516,0.01286900851801205
0.008631460625013333,0.0132889894125425,-0.03125,0.015625,53,0.009595308724832214,0.015625,0.011041713333333335,1.4297009999999999,0.0132889894125425
0.008421497295047294,0.0127578570572543,-0.023438,0.0078125,53,0.008651520134228189,0.015625,0.010625053333333334,1.2890765000000002,0.0127578570572543
0.008365917340124087,0.012565041203474025,-0.03125,0.015625,53,0.008441788590604026,0.0078125,0.010312556666666667,1.2578265,0.012565041203474025
0.008667834938345331,0.013471445496679262,-0.039063,0.0078125,60,0.009490419463087249,0.0078125,0.010937539999999999,1.4140725,0.013471445496679262
0.008614480663655175,0.01304173788674909,-0.039063,0.015625,60,0.010276926174496643,0.015625,0.01083338,1.531262,0.01304173788674909
0.008176338661735392,0.012597370758416217,-0.03125,0.015625,55,0.008494221476510067,0.0078125,0.010104216666666667,1.265639,0.012597370758416217
0.007992642657911503,0.013088471988229438,-0.039063,0.0078125,37,0.007760144295302012,0.023438,0.011093806666666666,1.1562614999999998,0.013088471988229438
0.0074688834609323565,0.012564991461663103,-0.03125,0.0078125,55,0.00849418120805369,0.0,0.01062503,1.265633,0.012564991461663103
0.008386786204122266,0.012932073138067745,-0.03125,0.0078125,57,0.009070956375838926,0.0078125,0.010468796666666667,1.3515725,0.012932073138067745
0.008722935994061225,0.013546794863607653,-0.03125,0.0078125,55,0.009018553691275168,0.023438,0.011302153333333334,1.3437645,0.013546794863607653
0.007609251132597303,0.01223690626847053,-0.039063,0.0078125,50,0.007760147651006711,0.015625,0.010104213333333334,1.156262,0.01223690626847053
0.008337489642018553,0.012741900001635026,-0.03125,0.015625,50,0.008494221476510069,0.0078125,0.010364636666666668,1.2656390000000002,0.012741900001635026
0.007146146435434043,0.012418447510323772,-0.023438,0.0078125,44,0.00786503020134228,0.0078125,0.010364633333333333,1.1718894999999998,0.012418447510323772
0.007534184422815046,0.012645722474352082,-0.03125,0.0078125,47,0.008074744966442952,0.015625,0.010364630000000001,1.203137,0.012645722474352082
0.00881264281941701,0.013212236871678214,-0.03125,0.015625,54,0.009385573825503356,0.015625,0.01098964,1.3984505,0.013212236871678214
0.008066096356754955,0.013010490559736784,-0.03125,0.0078125,47,0.008599073825503355,0.0,0.01104171,1.281262,0.013010490559736784
0.008294913310460547,0.013072902557389464,-0.03125,0.015625,53,0.008913677852348994,0.0078125,0.011041716666666668,1.328138,0.013072902557389464
0.008051963400592981,0.013165942095928165,-0.03125,0.0078125,51,0.008599077181208054,0.0078125,0.011041713333333335,1.2812625,0.013165942095928165
0.007706987000644285,0.013041715921802621,-0.03125,0.0078125,48,0.007969859060402684,0.015625,0.010729203333333333,1.187509,0.013041715921802621
0.007683752385278085,0.01269390848110489,-0.03125,0.0078125,43,0.007602862416107382,0.015625,0.010312553333333334,1.1328265,0.01269390848110489
0.00822796489290571,0.012789739948489962,-0.039063,0.015625,48,0.007865040268456375,0.0,0.010208400000000001,1.171891,0.012789739948489962
0.0075447980621706065,0.012693896171914016,-0.03125,0.0078125,43,0.008232043624161075,0.0,0.010416713333333334,1.2265745000000001,0.012693896171914016
0.008152403148956891,0.012821468406738753,-0.03125,0.0078125,52,0.008179604026845635,0.0078125,0.01072921,1.2187609999999998,0.012821468406738753
0.00827478525587019,0.013426085269044983,-0.039063,0.015625,50,0.008599077181208054,0.023438,0.011197969999999998,1.2812625,0.013426085269044983
0.007736515689970231,0.012725910659228543,-0.03125,0.015625,49,0.008179610738255032,0.0078125,0.010729213333333334,1.218762,0.012725910659228543
0.007925646092945497,0.012597356287597278,-0.039063,0.0078125,50,0.008232030201342283,0.0078125,0.010208373333333333,1.2265725,0.012597356287597278
0.008398452147128064,0.013666413553306516,-0.03125,0.0078125,49,0.008913724832214765,0.0,0.011510486666666668,1.3281450000000001,0.013666413553306516
0.008035299629249816,0.012869020659708337,-0.023438,0.015625,50,0.009385614093959731,0.0078125,0.010781313333333334,1.3984565,0.012869020659708337
0.008106514710254134,0.01299483771778881,-0.03125,0.0078125,56,0.008808798657718121,0.0078125,0.010677123333333333,1.312511,0.01299483771778881
0.008478796563761604,0.01315049210999345,-0.03125,0.015625,43,0.00828448322147651,0.0,0.011093803333333334,1.234388,0.01315049210999345
0.007654059155550515,0.013010532593505411,-0.023438,0.0078125,44,0.008336939597315435,0.015625,0.010937566666666666,1.2422039999999999,0.013010532593505411
0.008715443599713608,0.013304290309833641,-0.03125,0.023438,52,0.009752597315436243,0.0078125,0.011197963333333333,1.4531370000000001,0.013304290309833641
0.008135958626563654,0.012932115426719636,-0.023438,0.015625,48,0.007760167785234899,0.015625,0.010677153333333333,1.1562649999999999,0.012932115426719636
0.008359552140798107,0.01267783396227447,-0.03125,0.015625,59,0.009175815436241611,0.0078125,0.010468783333333332,1.3671965,0.01267783396227447
0.007903221094733041,0.012869014588861624,-0.03125,0.0078125,55,0.009018563758389261,0.015625,0.010572976666666666,1.343766,0.012869014588861624
0.007838414322190568,0.01299486176603404,-0.03125,0.0078125,51,0.008913684563758387,0.0078125,0.010677136666666667,1.3281389999999997,0.01299486176603404
0.008040009297444183,0.012709925789253583,-0.03125,0.0078125,49,0.008127177852348993,0.03125,0.01026047,1.2109495,0.012709925789253583
0.00801294333902898,0.012773763598746716,-0.03125,0.015625,54,0.008022298657718122,0.0078125,0.010572953333333333,1.1953225,0.012773763598746716
0.008738455570383514,0.013636590063929716,-0.03125,0.015625,47,0.009228281879194632,0.0078125,0.011302143333333332,1.3750140000000002,0.013636590063929716
0.009223972806079216,0.013681252380173389,-0.03125,0.023438,45,0.009018536912751677,0.0,0.011562546666666668,1.343762,0.013681252380173389
0.008478005368387073,0.013350111189799133,-0.03125,0.015625,49,0.009175862416107383,0.015625,0.01125006,1.3672035,0.013350111189799133
0.007843073157096437,0.012303219853829593,-0.023438,0.0078125,53,0.007812577181208053,0.015625,0.010416710000000001,1.1640739999999998,0.012303219853829593
0.007923103010255655,0.012963523546410262,-0.023438,0.0078125,52,0.008232073825503356,0.023438,0.010989643333333333,1.226579,0.012963523546410262
0.008349681881672033,0.013350105337724242,-0.03125,0.015625,49,0.008441778523489932,0.015625,0.011041723333333333,1.257825,0.013350105337724242
0.009035617025355207,0.01371099581661862,-0.03125,0.015625,51,0.009333164429530201,0.0078125,0.011666733333333333,1.3906414999999999,0.01371099581661862
0.008308834626094618,0.013365365495501174,-0.023438,0.0078125,49,0.00844181543624161,0.0078125,0.011302156666666667,1.2578305,0.013365365495501174
0.007597993351523078,0.012352723005272967,-0.03125,0.0078125,55,0.008599073825503355,0.015625,0.01015629,1.281262,0.012352723005272967
0.0091775661448877,0.013843909424785568,-0.03125,0.015625,48,0.009857506711409395,0.0078125,0.011510489999999998,1.4687685,0.013843909424785568
0.008517114216462443,0.013576786831082922,-0.03125,0.015625,51,0.008808805369127516,0.0078125,0.011406313333333333,1.312512,0.013576786831082922
0.008324302524765797,0.01269390848110489,-0.03125,0.015625,55,0.008232057046979864,0.015625,0.010104219999999999,1.2265764999999997,0.01269390848110489
0.008074836686880355,0.012853165142809507,-0.03125,0.0078125,53,0.007760140939597315,0.0078125,0.010520876666666667,1.156261,0.012853165142809507
0.008589892721656462,0.013104003047224411,-0.03125,0.015625,54,0.009962355704697987,0.0,0.011041723333333333,1.484391,0.013104003047224411
0.00798856751630868,0.012516371571665649,-0.023438,0.015625,54,0.0080223322147651,0.015625,0.01036464,1.1953274999999999,0.012516371571665649
0.007807202594328451,0.012645728652394847,-0.03125,0.0078125,52,0.00817961409395973,0.023438,0.010364633333333335,1.2187625,0.012645728652394847
0.008423439232203327,0.012916355508166123,-0.023438,0.015625,49,0.008336936241610738,0.0078125,0.010833393333333333,1.2422035,0.012916355508166123
0.007995173328427595,0.013380544023319828,-0.03125,0.015625,44,0.008336922818791946,0.0078125,0.011458386666666667,1.2422015,0.013380544023319828
0.007366488168100637,0.0121701842809247,-0.03125,0.0078125,43,0.0076028288590604025,0.015625,0.009895863333333334,1.1328215,0.0121701842809247
0.00874156288816759,0.01324300424708583,-0.03125,0.015625,53,0.009280741610738254,0.0078125,0.010885476666666666,1.3828304999999999,0.01324300424708583
0.00891529643009449,0.01331956776469617,-0.03125,0.015625,51,0.008599060402684565,0.0,0.010833376666666667,1.28126,0.01331956776469617
0.008957215513128074,0.013041757854931467,-0.03125,0.015625,64,0.010276942953020132,0.0078125,0.010729226666666666,1.5312644999999998,0.013041757854931467
0.00890450883706052,0.013273688534842152,-0.03125,0.015625,51,0.009700174496644296,0.023438,0.010781306666666665,1.445326,0.013273688534842152
0.007910747536336598,0.012709913495575018,-0.03125,0.015625,49,0.008127181208053691,0.023438,0.010468796666666667,1.21095,0.012709913495575018
0.008462639709909275,0.012629648485343262,-0.03125,0.0078125,64,0.009752624161073826,0.015625,0.010208393333333333,1.453141,0.012629648485343262
0.008476882566365746,0.012677864774217042,-0.03125,0.023438,57,0.009438020134228188,0.0,0.010260466666666666,1.4062649999999999,0.012677864774217042
0.010202183701945058,0.01424945814156922,-0.03125,0.015625,69,0.012164563758389261,0.0078125,0.01182299,1.81252,0.01424945814156922
0.009436963424466698,0.013636605341567477,-0.039063,0.015625,52,0.010381825503355705,0.0078125,0.011406316666666668,1.546892,0.013636605341567477
0.008296879016316249,0.012597370758416219,-0.03125,0.015625,60,0.009438013422818792,0.0078125,0.010000050000000002,1.406264,0.012597370758416219
0.009195282070523388,0.013546794863607653,-0.03125,0.015625,58,0.010224533557046979,0.0,0.010885486666666668,1.5234554999999999,0.013546794863607653
0.009243971009671956,0.013165971765565452,-0.03125,0.015625,64,0.01053913087248322,0.015625,0.010625063333333334,1.5703304999999999,0.013165971765565452
0.00909662506206499,0.013288983533551391,-0.03125,0.0078125,69,0.010748822147651006,0.0078125,0.01072921,1.6015745,0.013288983533551391
0.009177542403810147,0.013843881208076487,-0.03125,0.015625,44,0.010014775167785235,0.015625,0.011614639999999999,1.4922015000000002,0.013843881208076487
0.009629311076005847,0.013696143580950077,-0.03125,0.015625,71,0.011797513422818791,0.0078125,0.011302146666666667,1.7578295,0.013696143580950077
0.00957607141682329,0.013621679642577123,-0.03125,0.015625,72,0.011587775167785235,0.0,0.010729236666666668,1.7265785,0.013621679642577123
0.008265422370671687,0.013135000159497524,-0.03125,0.0078125,50,0.007969855704697985,0.0078125,0.01083338,1.1875084999999999,0.013135000159497524
0.00807281988227988,0.012136723285274875,-0.023438,0.015625,59,0.008861238255033557,0.0,0.010104206666666666,1.3203245,0.012136723285274875
0.008608982320014499,0.012613520978894037,-0.039063,0.015625,67,0.009438006711409395,0.0078125,0.009843803333333333,1.406263,0.012613520978894037
0.00831077993006406,0.012645745127116867,-0.039063,0.0078125,56,0.009123429530201342,0.0078125,0.01036464,1.359391,0.012645745127116867
0.008960828142237871,0.01374061232654256,-0.03125,0.015625,48,0.008861224832214765,0.0078125,0.011354216666666668,1.3203225,0.01374061232654256
0.008536652431756973,0.01322760095797168,-0.039063,0.0078125,59,0.009909892617449663,0.023438,0.01062504,1.4765739999999998,0.01322760095797168
0.008696742576664362,0.01305732453382647,-0.03125,0.0078125,49,0.008808805369127516,0.015625,0.010781296666666667,1.312512,0.01305732453382647
0.009660677060972487,0.01368128283568467,-0.039063,0.0078125,64,0.011063453020134228,0.0078125,0.010729226666666666,1.6484545,0.01368128283568467
0.008457639124980446,0.013057318550529431,-0.03125,0.0078125,55,0.009333134228187918,0.0,0.010781293333333334,1.390637,0.013057318550529431
0.008741568032086693,0.0132430101464886,-0.03125,0.0078125,62,0.01027694630872483,0.0078125,0.010781313333333334,1.5312649999999999,0.0132430101464886
0.008725259946773313,0.013350117041871456,-0.03125,0.015625,56,0.00907098322147651,0.0078125,0.010833396666666668,1.3515765,0.013350117041871456
0.009660131413313636,0.013829216883950203,-0.03125,0.015625,62,0.010381842281879196,0.0078125,0.011145913333333334,1.5468945,0.013829216883950203
0.008421486327578998,0.012757844809763129,-0.03125,0.015625,65,0.009909909395973155,0.0,0.010416713333333334,1.4765765000000002,0.012757844809763129
0.008578027740511737,0.01290057028061163,-0.03125,0.015625,60,0.009018530201342283,0.0078125,0.010364630000000001,1.3437610000000002,0.01290057028061163
0.00922398071145473,0.014149138667424246,-0.03125,0.015625,54,0.010119654362416108,0.0078125,0.01187506,1.5078285,0.014149138667424246
0.008553334643913255,0.013119513735335875,-0.03125,0.0078125,62,0.009700174496644296,0.0,0.01057297,1.445326,0.013119513735335875
0.00895313480146231,0.013696154989387836,-0.03125,0.0078125,56,0.009490456375838925,0.023438,0.011197986666666668,1.414078,0.013696154989387836
0.008476875152371237,0.012677864774217042,-0.03125,0.0078125,59,0.009228275167785235,0.0,0.010364633333333335,1.375013,0.012677864774217042
0.009372775144816443,0.013858578872428922,-0.039063,0.0078125,65,0.010801275167785236,0.015625,0.011250060000000001,1.60939,0.013858578872428922
0.008317142815278173,0.012532622016694405,-0.023438,0.015625,69,0.009542879194630875,0.0078125,0.009895893333333333,1.4218890000000002,0.012532622016694405
0.008646708822588061,0.01286900851801205,-0.03125,0.0078125,67,0.010381818791946308,0.0,0.010156306666666665,1.546891,0.01286900851801205
0.008227936449576326,0.012789711442275257,-0.03125,0.0078125,60,0.009805043624161073,0.0078125,0.01041672,1.4609515,0.012789711442275257
0.007886021224313451,0.012451163977650176,-0.03125,0.0078125,56,0.008441775167785234,0.0,0.010260463333333334,1.2578245,0.012451163977650176
0.0095415930234276,0.013486585736390066,-0.039063,0.015625,63,0.010906154362416107,0.0078125,0.01067715,1.625017,0.013486585736390066
0.0095017103465879,0.013606741398843443,-0.03125,0.015625,70,0.011378070469798657,0.015625,0.010989656666666665,1.6953325,0.013606741398843443
0.008565221709943584,0.012853183377799187,-0.03125,0.015625,58,0.00938558389261745,0.023438,0.01072922,1.398452,0.012853183377799187
0.008360875269106432,0.012994855753976903,-0.03125,0.0078125,58,0.009752610738255032,0.0078125,0.010677133333333335,1.4531389999999997,0.012994855753976903
0.008649077866704765,0.012303257953959458,-0.03125,0.015625,58,0.009123432885906039,0.0078125,0.00979173,1.3593914999999999,0.012303257953959458
0.009743973566115394,0.013887893784756083,-0.03125,0.015625,65,0.010906137583892616,0.0078125,0.011145886666666667,1.6250144999999998,0.013887893784756083
0.011064483227790422,0.014809575134520234,-0.046875,0.023438,69,0.012898624161073827,0.015625,0.011927163333333334,1.9218950000000001,0.014809575134520234
0.00882359427930717,0.01365153570567551,-0.03125,0.0078125,53,0.00996238255033557,0.0,0.011354246666666666,1.484395,0.01365153570567551
0.009631388176760054,0.014263672169828262,-0.039063,0.0078125,56,0.010643942953020135,0.0078125,0.011562536666666666,1.5859475,0.014263672169828262
0.009723939139674826,0.013799745243481853,-0.03125,0.023438,73,0.011325617449664429,0.015625,0.01125007,1.687517,0.013799745243481853
0.008882392618896855,0.013531745084368583,-0.03125,0.015625,57,0.010172077181208052,0.0078125,0.010937556666666666,1.5156394999999998,0.013531745084368583
0.009474241130053636,0.01336533626849695,-0.03125,0.015625,64,0.011063436241610738,0.015625,0.010885473333333333,1.6484519999999998,0.01336533626849695
0.009815554515376206,0.013501653063544972,-0.03125,0.0078125,74,0.011115892617449665,0.0078125,0.010312563333333333,1.656268,0.013501653063544972
0.009024328317589933,0.01290057028061163,-0.03125,0.0078125,65,0.010014775167785235,0.015625,0.010156296666666667,1.4922015000000002,0.01290057028061163
0.00981731010109977,0.013902507455851263,-0.03125,0.015625,74,0.011063389261744966,0.023438,0.011093786666666666,1.648445,0.013902507455851263
0.008590520333900361,0.012947807891428314,-0.023438,0.015625,65,0.009280721476510066,0.0078125,0.01072922,1.3828274999999999,0.012947807891428314
0.009544440946494573,0.013636605341567477,-0.039063,0.023438,60,0.010172087248322147,0.0,0.011093816666666667,1.515641,0.013636605341567477
0.00918565140240231,0.013350081929399035,-0.03125,0.015625,62,0.010748828859060403,0.015625,0.01072921,1.6015755,0.013350081929399035
0.009349732385593836,0.013426083329350622,-0.039063,0.0078125,59,0.010906127516778524,0.015625,0.0107813,1.625013,0.013426083329350622
0.009721146195970583,0.013946400373154835,-0.039063,0.015625,70,0.012164546979865774,0.023438,0.011458403333333334,1.8125175000000002,0.013946400373154835
0.008993465839046703,0.012916325265144107,-0.03125,0.023438,62,0.00970015100671141,0.015625,0.010312543333333334,1.4453225,0.012916325265144107
0.009218853221393646,0.013486587667382732,-0.03125,0.015625,68,0.01095860067114094,0.0078125,0.010885486666666666,1.6328315,0.013486587667382732
0.009249972007766054,0.014048125061314528,-0.03125,0.0078125,55,0.010067208053691275,0.015625,0.011510476666666667,1.500014,0.014048125061314528
0.009181553708312239,0.013196843057969079,-0.039063,0.015625,69,0.010381812080536913,0.0078125,0.010520893333333333,1.54689,0.013196843057969079
0.009668672000619665,0.013576784912919061,-0.039063,0.015625,65,0.011849946308724832,0.0078125,0.011093809999999999,1.765642,0.013576784912919061
0.00920631086509261,0.013288995291531009,-0.03125,0.015625,62,0.010014771812080537,0.023438,0.01093755,1.492201,0.013288995291531009
0.008961442756265436,0.013196823324573228,-0.03125,0.015625,54,0.009752610738255032,0.015625,0.010833386666666667,1.4531389999999997,0.013196823324573228
0.009327080933654074,0.013636595793061161,-0.03125,0.0078125,62,0.010696406040268456,0.0078125,0.011093813333333334,1.5937644999999998,0.013636595793061161
0.00947808169712041,0.013258322858491567,-0.03125,0.015625,67,0.011010976510067116,0.023438,0.010729206666666666,1.6406355000000001,0.013258322858491567
0.008993485220718878,0.012916355508166123,-0.03125,0.015625,63,0.010276959731543623,0.0,0.01031256,1.531267,0.012916355508166123
0.009423557804132272,0.013740610431248435,-0.039063,0.0078125,62,0.010329365771812081,0.015625,0.01114588,1.5390755,0.013740610431248435
0.008904498659479189,0.013273676763303629,-0.03125,0.015625,67,0.011115872483221476,0.0,0.010677133333333333,1.6562649999999999,0.013273676763303629
0.009197034368189323,0.013395744233462108,-0.039063,0.015625,64,0.010696409395973154,0.0,0.010781303333333334,1.5937649999999999,0.013395744233462108
0.013778984748515482,0.016695258029452556,-0.039063,0.023438,81,0.01656891946308725,0.03125,0.013698006666666667,2.4687690000000004,0.016695258029452556
0.013171744802891528,0.016412593616336207,-0.046875,0.023438,76,0.015362993288590605,0.015625,0.01302093,2.289086,0.016412593616336207
0.013839064307162854,0.0171045399380301,-0.046875,0.03125,82,0.016935929530201344,0.0078125,0.012968816666666667,2.5234535,0.0171045399380301
0.011922967071042156,0.01536248135436894,-0.039063,0.023438,76,0.014261862416107385,0.023438,0.012291726666666666,2.1250175000000002,0.01536248135436894
0.012221847356915129,0.015857781017321854,-0.039063,0.023438,75,0.014419171140939597,0.0078125,0.01270842,2.1484565,0.015857781017321854
0.011855106576771978,0.015081843562818616,-0.039063,0.015625,76,0.014943526845637585,0.0078125,0.012552173333333335,2.2265855,0.015081843562818616
0.012058690936766541,0.01546805680356564,-0.039063,0.015625,68,0.013632637583892618,0.0078125,0.012604223333333334,2.031263,0.01546805680356564
0.011937964302926842,0.01557293993984437,-0.046875,0.015625,71,0.014104573825503355,0.0,0.01260424,2.1015815,0.01557293993984437
0.011938896167589735,0.015309426563504373,-0.039063,0.023438,68,0.014366751677852351,0.0078125,0.012812573333333334,2.1406460000000003,0.015309426563504373
0.014075021444968467,0.017175758869455136,-0.039063,0.03125,73,0.01620188255033557,0.015625,0.014114650000000003,2.4140805,0.017175758869455136
0.012203177866357415,0.016112338376639605,-0.039063,0.015625,73,0.013737536912751676,0.023438,0.01291676,2.046893,0.016112338376639605
0.012457098797974145,0.015780641491608214,-0.039063,0.023438,79,0.015520308724832215,0.0,0.012604273333333334,2.312526,0.015780641491608214
0.012161414157214155,0.01513568579263369,-0.039063,0.015625,75,0.013789963087248324,0.015625,0.012135493333333332,2.0547045,0.01513568579263369
0.013108553453629681,0.016238094999311548,-0.046875,0.046875,82,0.01562513422818792,0.015625,0.013020913333333333,2.328145,0.016238094999311548
0.012957851546413431,0.016560644551264703,-0.046875,0.023438,76,0.01583487248322148,0.0078125,0.013333406666666665,2.3593960000000003,0.016560644551264703
0.01217646529070458,0.015625123334019907,-0.039063,0.015625,77,0.014157,0.015625,0.012500073333333334,2.109393,0.015625123334019907
0.013258350750287742,0.01623809339552112,-0.046875,0.039063,77,0.015625140939597316,0.015625,0.012708409999999998,2.3281460000000003,0.01623809339552112
0.010965486933226753,0.014946335428848996,-0.039063,0.023438,73,0.012688895973154363,0.023438,0.011614669999999999,1.8906455,0.014946335428848996
0.01349409544991397,0.016889090568914595,-0.046875,0.023438,78,0.017302973154362414,0.0078125,0.013385489999999998,2.578143,0.016889090568914595
0.011532157824595919,0.015027747773979083,-0.046875,0.015625,72,0.013213214765100671,0.0,0.011927150000000001,1.968769,0.015027747773979083
0.013002710756625156,0.01649914533922894,-0.039063,0.03125,78,0.0156251644295302,0.023438,0.013281349999999999,2.3281495,0.01649914533922894
0.01363052424464257,0.016572944035435185,-0.039063,0.03125,82,0.016621379194630876,0.0078125,0.01348967,2.4765855000000006,0.016572944035435185
0.011310203758329616,0.014959896042865182,-0.039063,0.023438,77,0.01415698657718121,0.0078125,0.01156256,2.1093910000000005,0.014959896042865182
0.012225828620281282,0.016061744471258407,-0.039063,0.015625,86,0.016097026845637588,0.015625,0.012812586666666665,2.3984570000000005,0.016061744471258407
0.012699927905010153,0.016036408771864522,-0.046875,0.023438,72,0.014891107382550338,0.0078125,0.01302093,2.2187750000000004,0.016036408771864522
0.012528377103444005,0.015741870423015177,-0.03125,0.03125,75,0.01525810067114094,0.023438,0.012760496666666668,2.273457,0.015741870423015177
0.012207636614260036,0.015780624989101877,-0.046875,0.023438,74,0.014681362416107383,0.015625,0.01260426,2.187523,0.015780624989101877
0.011620769295961243,0.01516256956026913,-0.039063,0.015625,74,0.012846181208053692,0.023438,0.011927173333333334,1.9140810000000001,0.01516256956026913
0.010897945088155636,0.014615945381842394,-0.03125,0.015625,79,0.013265620805369128,0.015625,0.011510476666666667,1.9765775,0.014615945381842394
0.011122050640401506,0.014546196167784438,-0.03125,0.023438,79,0.013894855704697985,0.0078125,0.01156257,2.0703335,0.014546196167784438
0.01063185239142999,0.014560175960246268,-0.03125,0.015625,62,0.012374288590604026,0.0,0.012239653333333335,1.843769,0.014560175960246268
0.013315650430850992,0.016375369749209737,-0.046875,0.023438,86,0.01635921812080537,0.023438,0.013073013333333333,2.4375235,0.016375369749209737
0.013414570670945414,0.016731773355654803,-0.039063,0.03125,69,0.014524023489932886,0.0078125,0.013541750000000003,2.1640795,0.016731773355654803
0.009928221875715376,0.014091521905682627,-0.03125,0.015625,62,0.011011020134228187,0.0,0.011145903333333334,1.640642,0.014091521905682627
0.01142240050817496,0.015388979080064626,-0.039063,0.015625,70,0.013422966442953023,0.015625,0.012500086666666667,2.0000220000000004,0.015388979080064626
0.010836532341216088,0.014363191708901844,-0.046875,0.015625,73,0.011902345637583892,0.015625,0.011302133333333334,1.7734495,0.014363191708901844
0.010822991563054808,0.014560133034419706,-0.03125,0.015625,64,0.011430436241610739,0.0,0.011614626666666667,1.703135,0.014560133034419706
0.010532766929590091,0.014740694452659504,-0.039063,0.015625,61,0.01211208389261745,0.0078125,0.01218756,1.8047005,0.014740694452659504
0.009947321353400734,0.013740621802766665,-0.039063,0.023438,65,0.010853681208053691,0.0078125,0.011458386666666669,1.6171985,0.013740621802766665
0.010426630802144734,0.01409148864060619,-0.03125,0.023438,71,0.011587744966442954,0.023438,0.011562550000000001,1.726574,0.01409148864060619
0.011603008928023321,0.01521614497022817,-0.03125,0.03125,73,0.013685147651006714,0.023438,0.012448009999999999,2.0390870000000003,0.01521614497022817
0.011737785607201312,0.015054777585537424,-0.039063,0.023438,78,0.013318033557046981,0.0,0.011927133333333333,1.9843870000000001,0.015054777585537424
0.01009353674696833,0.014062633334123449,-0.03125,0.023438,65,0.012217010067114094,0.0078125,0.011458413333333332,1.8203345,0.014062633334123449
0.01111972600617929,0.014782052921532922,-0.046875,0.03125,68,0.012793728187919462,0.0078125,0.01161465,1.9062655,0.014782052921532922
0.010996468689633958,0.014518199786302708,-0.039063,0.023438,69,0.012321832214765101,0.023438,0.011354236666666668,1.835953,0.014518199786302708
0.01126274410235603,0.014754502315338642,-0.039063,0.015625,73,0.012688859060402685,0.015625,0.01182298,1.89064,0.014754502315338642
0.009015304956422101,0.013119499840441072,-0.039063,0.015625,56,0.009228255033557047,0.0078125,0.010677126666666667,1.37501,0.013119499840441072
0.010778309745160518,0.01480954172383467,-0.039063,0.015625,69,0.012216963087248322,0.0078125,0.011822973333333334,1.8203275,0.01480954172383467
0.009283347818959974,0.013606718432022224,-0.03125,0.015625,63,0.010224506711409396,0.0078125,0.011302143333333332,1.5234515,0.013606718432022224
0.009450187508980972,0.013057372400104088,-0.03125,0.015625,68,0.010853734899328858,0.0078125,0.010468823333333334,1.6172065,0.013057372400104088
0.008338139001179393,0.012900582392602798,-0.03125,0.0078125,65,0.009647744966442953,0.015625,0.010572970000000001,1.437514,0.012900582392602798
0.009533490749113535,0.013591779072966619,-0.039063,0.015625,63,0.010224520134228188,0.0078125,0.010937569999999999,1.5234535,0.013591779072966619
0.009533490093592284,0.013591780989014403,-0.03125,0.015625,60,0.0103818322147651,0.015625,0.011250073333333332,1.5468929999999999,0.013591780989014403
0.009096068863946422,0.013441251415511874,-0.039063,0.0078125,65,0.009962365771812079,0.0078125,0.010625063333333334,1.4843924999999998,0.013441251415511874
0.00869674479248414,0.013057318550529431,-0.03125,0.023438,52,0.009437993288590603,0.0078125,0.01088546,1.4062609999999998,0.013057318550529431
0.008103027599183051,0.012629629927608067,-0.03125,0.023438,53,0.00833691610738255,0.0078125,0.010625049999999999,1.2422005,0.012629629927608067
0.007843061292228663,0.012303207153760085,-0.03125,0.015625,57,0.009123395973154362,0.0,0.010000036666666667,1.359386,0.012303207153760085
0.007951764338213808,0.012253484836567923,-0.03125,0.015625,52,0.008546617449664428,0.023438,0.010260446666666668,1.2734459999999999,0.012253484836567923
0.010556958212208771,0.014685391693732017,-0.039063,0.015625,66,0.012584010067114093,0.023438,0.01166673,1.8750175,0.014685391693732017
0.008196212159964843,0.013010496564569188,-0.03125,0.015625,59,0.009700171140939597,0.0078125,0.010729213333333334,1.4453255,0.013010496564569188
0.008165857858522889,0.012709895055034877,-0.03125,0.015625,56,0.009175822147651008,0.0078125,0.01067712,1.3671975,0.012709895055034877
0.009269743158160676,0.013258346428822362,-0.03125,0.015625,67,0.010224506711409396,0.0,0.010625053333333334,1.5234515,0.013258346428822362
0.008614469337355223,0.013041727902710335,-0.03125,0.015625,61,0.01006720134228188,0.0078125,0.010520876666666667,1.500013,0.013041727902710335
0.008981397210743747,0.013441226228535351,-0.046875,0.015625,62,0.01011963422818792,0.015625,0.010833386666666667,1.5078255,0.013441226228535351
0.00831449533389062,0.01316593022805453,-0.03125,0.0078125,55,0.009123395973154364,0.0078125,0.010520873333333335,1.3593860000000002,0.01316593022805453
0.008743415589439606,0.013088462039840026,-0.03125,0.015625,55,0.009805050335570468,0.0078125,0.010989636666666667,1.4609524999999999,0.013088462039840026
0.009024339341100451,0.012900580373895328,-0.039063,0.015625,62,0.01027694630872483,0.015625,0.010260466666666667,1.5312649999999999,0.012900580373895328
0.009922756465046506,0.014462039031662629,-0.03125,0.015625,61,0.01205969798657718,0.015625,0.011562573333333334,1.796895,0.014462039031662629
0.010393927640500273,0.014532181422736688,-0.03125,0.03125,59,0.011063419463087249,0.015625,0.011718806666666666,1.6484495000000001,0.014532181422736688
0.009424725314226523,0.013441237853337765,-0.03125,0.0078125,73,0.010853701342281879,0.0078125,0.010520893333333333,1.6172015,0.013441237853337765
0.008924596368295257,0.013057336500412325,-0.03125,0.023438,53,0.009700187919463086,0.0,0.010989636666666665,1.445328,0.013057336500412325
0.0100730584369953,0.01397552361970742,-0.039063,0.015625,70,0.012479124161073827,0.023438,0.010937556666666667,1.8593895000000003,0.01397552361970742
0.009000708461054607,0.01353173353731886,-0.03125,0.023438,55,0.009228268456375838,0.015625,0.011354216666666667,1.375012,0.01353173353731886
0.00896084616067528,0.013350111189799133,-0.03125,0.0078125,59,0.009805043624161073,0.015625,0.010729226666666666,1.4609515,0.013350111189799133
0.008904519774936396,0.013273698344407761,-0.039063,0.0078125,69,0.01064398322147651,0.0078125,0.010572976666666666,1.5859535,0.013273698344407761
0.008950047748565369,0.013304260948658516,-0.03125,0.015625,47,0.00912336912751678,0.0078125,0.01078128,1.359382,0.013304260948658516
0.017951904206431696,0.02025248570287114,-0.054688,0.039063,77,0.019557640939597314,0.0078125,0.015937623333333335,2.9140885,0.02025248570287114
0.020545062601246937,0.022804137738357926,-0.054688,0.054688,77,0.02191714765100671,0.015625,0.018229313333333337,3.2656549999999998,0.022804137738357926
0.02173211955525252,0.023944337036169255,-0.054688,0.0625,80,0.022388983221476512,0.0078125,0.018385536666666667,3.3359585000000003,0.023944337036169255
0.02065670411911402,0.023087845153240263,-0.054688,0.054688,69,0.02102573489932886,0.0078125,0.019062640000000002,3.1328345,0.023087845153240263
0.019287565134004227,0.02172582109230857,-0.0625,0.046875,75,0.02013435906040268,0.0078125,0.017187603333333332,3.0000194999999996,0.02172582109230857
0.018524601253805707,0.02143358018239137,-0.054688,0.039063,77,0.019033281879194633,0.039063,0.01734387,2.8359590000000003,0.02143358018239137
0.01767046240833807,0.02015176920628393,-0.054688,0.039063,77,0.019610073825503355,0.023438,0.01625012,2.921901,0.02015176920628393
0.02057016639141394,0.0227594606030474,-0.054688,0.054688,79,0.02223170134228188,0.054688,0.01838555,3.3125235,0.0227594606030474
0.01728646484148187,0.019867060784667333,-0.046875,0.039063,65,0.018194359060402683,0.0,0.016458443333333333,2.7109595,0.019867060784667333
0.018519312204418454,0.020972974302460454,-0.054688,0.03125,72,0.018141892617449664,0.015625,0.01713551666666667,2.703142,0.020972974302460454
0.016065201152489675,0.019062224726231022,-0.046875,0.039063,66,0.01725058724832215,0.0078125,0.01515636,2.5703375000000004,0.019062224726231022
0.018752768075085757,0.021252486375794556,-0.054688,0.039063,82,0.021392812080536915,0.015625,0.01729180666666667,3.1875290000000005,0.021252486375794556
0.019389086582636862,0.021912283704009494,-0.054688,0.070313,72,0.02055381208053692,0.0078125,0.01708341666666667,3.0625180000000007,0.021912283704009494
0.01838702966630705,0.020856282153706107,-0.054688,0.0625,68,0.018613835570469802,0.03125,0.016927216666666668,2.7734615000000007,0.020856282153706107
0.018606744993721735,0.021452580338854343,-0.054688,0.03125,70,0.019557664429530202,0.03125,0.017552223333333335,2.914092,0.021452580338854343
0.01533962722542464,0.018630416579570444,-0.039063,0.039063,72,0.016411614093959734,0.03125,0.01505219,2.4453305000000003,0.018630416579570444
0.01689022114081959,0.019681858981601984,-0.054688,0.03125,71,0.01829919798657718,0.0078125,0.016458443333333333,2.7265805,0.019681858981601984
0.01788645419820044,0.020492108492173276,-0.039063,0.054688,72,0.01971488590604027,0.015625,0.016666743333333334,2.937518,0.020492108492173276
0.016391430499032786,0.01898738205080767,-0.0625,0.039063,67,0.017460352348993288,0.0078125,0.015312619999999999,2.6015924999999998,0.01898738205080767
0.01790417866793485,0.02048224396332915,-0.046875,0.03125,74,0.02044901677852349,0.023438,0.01640638,3.0469035,0.02048224396332915
0.017467015508714004,0.02010122884556232,-0.046875,0.039063,77,0.01856136912751678,0.015625,0.015781370000000003,2.765644,0.02010122884556232
0.01903310236530643,0.021772632502945834,-0.054688,0.054688,67,0.01892843624161074,0.015625,0.01723971666666667,2.8203370000000003,0.021772632502945834
0.018157801617945567,0.020856260926797657,-0.046875,0.039063,73,0.019924634228187924,0.023438,0.01703136,2.9687705000000006,0.020856260926797657
0.01751443373629273,0.02004035707021376,-0.054688,0.046875,68,0.017198093959731545,0.015625,0.01661467,2.562516,0.02004035707021376
0.0180904535486722,0.020953587726130977,-0.054688,0.039063,75,0.018613818791946308,0.023438,0.017135526666666668,2.773459,0.020953587726130977
0.013233378123608499,0.01646209187163041,-0.039063,0.039063,65,0.014995942953020133,0.0078125,0.013229246666666666,2.2343954999999998,0.01646209187163041
0.008265443711539158,0.013135023951126494,-0.03125,0.0078125,49,0.008336936241610738,0.0078125,0.010937559999999999,1.2422035,0.013135023951126494
0.008420195466129168,0.013072896581222284,-0.03125,0.015625,55,0.009647744966442953,0.015625,0.010625046666666667,1.437514,0.013072896581222284
0.008684120647209416,0.013165965831643344,-0.03125,0.015625,63,0.010381822147651007,0.0078125,0.010729226666666666,1.5468915,0.013165965831643344
0.00884751644523039,0.013196835164664796,-0.03125,0.0078125,54,0.009542885906040268,0.0078125,0.011041726666666666,1.4218899999999999,0.013196835164664796
0.007198883595182582,0.012069477688988865,-0.023438,0.0078125,50,0.00781256711409396,0.015625,0.010000036666666667,1.1640725,0.012069477688988865
0.008590520333900361,0.012947807891428314,-0.03125,0.0078125,57,0.009123422818791945,0.015625,0.01041672,1.3593899999999999,0.012947807891428314
0.007702226692489646,0.01333481599891802,-0.03125,0.015625,44,0.008179577181208054,0.0078125,0.011302116666666667,1.218757,0.01333481599891802
0.007859142733168943,0.012677858611834519,-0.03125,0.0078125,53,0.009385580536912751,0.0078125,0.010572963333333334,1.3984515,0.012677858611834519
0.007847906834632193,0.012467480617055984,-0.03125,0.0078125,63,0.008389328859060402,0.0078125,0.010104206666666666,1.25001,0.012467480617055984
0.008025635836116386,0.012500075000574996,-0.03125,0.015625,57,0.008756359060402685,0.015625,0.010416706666666666,1.3046975,0.012500075000574996
0.007394427566981322,0.012270083452582273,-0.03125,0.0078125,55,0.008389322147651005,0.0078125,0.0101042,1.250009,0.012270083452582273
0.007579240013868293,0.012136736159555692,-0.023438,0.0078125,59,0.008389355704697989,0.0078125,0.010000046666666667,1.2500140000000002,0.012136736159555692
0.00792223769043963,0.0127578570572543,-0.03125,0.0078125,56,0.009070996644295302,0.0078125,0.010208386666666664,1.3515785,0.0127578570572543
0.00807820778358184,0.012693902326510947,-0.03125,0.015625,54,0.009700184563758388,0.015625,0.010416716666666668,1.4453274999999999,0.012693902326510947
0.007352690020708219,0.012286672361953825,-0.023438,0.015625,47,0.008389348993288592,0.015625,0.010468793333333334,1.250013,0.012286672361953825
0.008884831996445778,0.012916331313754173,-0.03125,0.023438,53,0.010381805369127518,0.0078125,0.010625046666666667,1.5468890000000002,0.012916331313754173
0.008423423032120347,0.01291633736236141,-0.03125,0.015625,54,0.009070973154362416,0.015625,0.010625049999999999,1.351575,0.01291633736236141
0.008225970646796374,0.012629648485343262,-0.023438,0.0078125,56,0.009752637583892616,0.015625,0.010520893333333333,1.4531429999999999,0.012629648485343262
0.007982421323731706,0.012352710356098643,-0.03125,0.023438,61,0.008284456375838925,0.0,0.00994795,1.234384,0.012352710356098643
0.007188534407806797,0.012613510655906494,-0.023438,0.0078125,47,0.008336922818791946,0.0078125,0.010572966666666666,1.2422015,0.012613510655906494
0.00742081181114678,0.0123691884510801,-0.023438,0.0078125,53,0.008127171140939598,0.0,0.010416710000000001,1.2109485,0.0123691884510801
0.007127891848736826,0.012153481369412907,-0.023438,0.0078125,45,0.007183389261744966,0.023438,0.010156293333333333,1.070325,0.012153481369412907
0.007777092699534676,0.012916343410965814,-0.03125,0.0078125,54,0.00901855033557047,0.0078125,0.01041672,1.343764,0.012916343410965814
0.007141357442652855,0.012203566333794942,-0.03125,0.0078125,46,0.007969852348993289,0.0078125,0.010312526666666667,1.187508,0.012203566333794942
0.008176327365416307,0.012597358354895945,-0.03125,0.015625,52,0.009123402684563757,0.0078125,0.010520876666666667,1.359387,0.012597358354895945
0.007570082574791815,0.012253491212371544,-0.03125,0.015625,48,0.008179577181208054,0.0,0.010364616666666666,1.218757,0.012253491212371544
0.008371720876562159,0.013041721912257854,-0.03125,0.015625,63,0.00949041610738255,0.0,0.010520873333333333,1.414072,0.013041721912257854
0.007848760795342153,0.01218689635325582,-0.03125,0.0078125,60,0.009018523489932886,0.0078125,0.00963545,1.34376,0.01218689635325582
0.008215552970520814,0.012741887738805947,-0.03125,0.0078125,57,0.009490439597315435,0.0078125,0.01036463,1.4140754999999998,0.012741887738805947
0.007714049008519025,0.012629629927608065,-0.03125,0.0078125,54,0.009018557046979866,0.0078125,0.010416716666666668,1.343765,0.012629629927608065
0.007244911446072569,0.012645722474352082,-0.023438,0.0078125,42,0.008074758389261744,0.015625,0.010781296666666667,1.203139,0.012645722474352082
0.007764497194424261,0.011933856338166637,-0.03125,0.0078125,55,0.008756359060402685,0.0078125,0.0094792,1.3046975,0.011933856338166637
0.007964040112366894,0.0125811791071028,-0.03125,0.015625,47,0.008546627516778524,0.03125,0.010468783333333335,1.2734475,0.0125811791071028
0.021246065405131423,0.02366229309791565,-0.078125,0.046875,74,0.022179298657718123,0.015625,0.019375136666666664,3.3047155000000004,0.02366229309791565
0.02199417175528831,0.02401222399338165,-0.054688,0.0625,71,0.023175496644295305,0.015625,0.019531383333333333,3.4531490000000002,0.02401222399338165
0.023814304777550314,0.025650869564954975,-0.0625,0.070313,85,0.026164151006711413,0.0078125,0.020573043333333336,3.8984585000000003,0.025650869564954975
0.027686949983322266,0.02950895962237571,-0.078125,0.0625,76,0.029886942953020135,0.0078125,0.023750156666666668,4.4531545,0.02950895962237571
0.025421390112516797,0.027695124516088868,-0.070313,0.054688,84,0.028890758389261747,0.0,0.022031423333333335,4.304723,0.027695124516088868
0.024034764287228245,0.026215754945579324,-0.070313,0.046875,84,0.02815668456375839,0.039063,0.021302233333333333,4.195346,0.026215754945579324
0.02547849433349275,0.027665689774399864,-0.070313,0.0625,70,0.02595443624161074,0.039063,0.022552220000000005,3.867211,0.027665689774399864
0.02960786957959357,0.031185006581635775,-0.085938,0.078125,83,0.032508617449664434,0.03125,0.024270993333333338,4.843784,0.031185006581635775
0.022452181815842655,0.024515333744651868,-0.070313,0.046875,74,0.024486345637583895,0.046875,0.019635556666666668,3.6484655000000004,0.024515333744651868
0.022231615392929855,0.024507022804426216,-0.0625,0.054688,88,0.024958228187919464,0.0,0.019895973333333334,3.718776,0.024507022804426216
0.024615460914686436,0.026852148231783366,-0.0625,0.0625,84,0.028838268456375847,0.015625,0.02239599,4.296902000000001,0.026852148231783366
0.028987901919742695,0.030698434068206153,-0.085938,0.085938,71,0.029572315436241618,0.03125,0.024375146666666667,4.406275000000001,0.030698434068206153
0.02600826725003353,0.028255091725415914,-0.078125,0.054688,67,0.027265278523489936,0.054688,0.02302099,4.062526500000001,0.028255091725415914
0.024421012480593203,0.026570312087616385,-0.070313,0.070313,76,0.024433852348993288,0.046875,0.020677200000000003,3.640644,0.026570312087616385
0.025074065384950377,0.027273173443177944,-0.070313,0.0625,82,0.027003120805369128,0.0,0.02208349,4.023465,0.027273173443177944
0.024927571611749286,0.027138551723762512,-0.0625,0.054688,76,0.027789617449664433,0.046875,0.021979326666666667,4.140653,0.027138551723762512
0.02682694136292201,0.02864838973581238,-0.070313,0.078125,71,0.02831397315436242,0.0078125,0.023906410000000003,4.218782000000001,0.02864838973581238
0.026616960929241464,0.028470301596605307,-0.070313,0.0625,82,0.029362620805369128,0.023438,0.02343767,4.3750305,0.028470301596605307
0.02570110007799061,0.0277318512365595,-0.070313,0.054688,80,0.02826153691275168,0.054688,0.021771013333333335,4.210969,0.0277318512365595
0.023858031787965386,0.025809034776830896,-0.0625,0.054688,82,0.027055570469798663,0.0078125,0.02057305666666667,4.031280000000001,0.025809034776830896
0.027693858579435786,0.02932221365469645,-0.070313,0.09375,73,0.029782080536912756,0.0078125,0.023385556666666668,4.437530000000001,0.02932221365469645
0.024694519920885054,0.02666204728989005,-0.078125,0.054688,70,0.02658364093959732,0.0078125,0.021510543333333337,3.9609625000000004,0.02666204728989005
0.025442488779922633,0.027205933886194755,-0.070313,0.070313,87,0.029939409395973154,0.03125,0.02140640666666667,4.460972,0.027205933886194755
0.02298426073547916,0.02517049519165909,-0.0625,0.046875,74,0.02600691946308725,0.015625,0.02046888666666667,3.8750310000000003,0.02517049519165909
0.024005768752394355,0.02600535201450527,-0.070313,0.054688,82,0.027003107382550334,0.015625,0.020625130000000002,4.023463,0.02600535201450527
0.022645087032947982,0.024754814347886622,-0.0625,0.054688,69,0.023227932885906043,0.039063,0.02000013,3.4609620000000003,0.024754814347886622
0.02437208834941429,0.026324158641667292,-0.0625,0.09375,80,0.027894469798657718,0.039063,0.02088555,4.156276,0.026324158641667292
0.02353014353459173,0.025587366167049444,-0.054688,0.054688,66,0.024905812080536917,0.0,0.020885566666666668,3.7109660000000004,0.025587366167049444
0.02185909582694099,0.024281846036459696,-0.070313,0.046875,78,0.023490090604026848,0.0078125,0.01942721,3.5000235,0.024281846036459696
0.023360219229028367,0.02545181927164867,-0.0625,0.054688,80,0.02553502348993289,0.015625,0.020520973333333335,3.8047185000000003,0.02545181927164867
0.027311098210965244,0.029343026039674234,-0.09375,0.0625,81,0.031197778523489934,0.015625,0.023854330000000003,4.648469,0.029343026039674234
0.017136199548046106,0.02008098642219384,-0.0625,0.039063,77,0.01892846644295302,0.015625,0.01598971,2.8203415,0.02008098642219384
0.01347509802199928,0.016780345647314104,-0.054688,0.015625,75,0.015100781879194631,0.023438,0.013437586666666668,2.2500165,0.016780345647314104
0.013256731939205664,0.016731793589351583,-0.039063,0.03125,76,0.01510081879194631,0.039063,0.013333433333333335,2.2500220000000004,0.016731793589351583
0.013469567829038416,0.01662198046012167,-0.039063,0.023438,83,0.016097016778523487,0.015625,0.013281333333333334,2.3984555,0.01662198046012167
0.013722434263435996,0.016387741545181467,-0.046875,0.03125,82,0.01536293624161074,0.0078125,0.012604236666666668,2.2890775000000003,0.016387741545181467
0.01295158854625134,0.016362924938561563,-0.046875,0.023438,81,0.015520278523489936,0.0078125,0.012708423333333333,2.3125215000000003,0.016362924938561563
0.013731154207504433,0.016804576820814817,-0.046875,0.039063,72,0.01531051677852349,0.0078125,0.013541753333333333,2.281267,0.016804576820814817
0.013921479109483622,0.01690117106539268,-0.054688,0.023438,84,0.01572998322147651,0.039063,0.012916763333333333,2.3437675000000002,0.01690117106539268
0.014442895025067595,0.017746719181537002,-0.054688,0.023438,82,0.017145694630872486,0.0078125,0.013750083333333336,2.5547085000000003,0.017746719181537002
0.013283784778854757,0.016913164406560155,-0.039063,0.015625,83,0.01572996308724832,0.023438,0.013177153333333332,2.3437645,0.016913164406560155
0.012619337180347029,0.015909026854692695,-0.039063,0.015625,79,0.014209422818791947,0.015625,0.012812593333333334,2.117204,0.015909026854692695
0.018728131211191358,0.021480983597358852,-0.085938,0.078125,71,0.01987223489932886,0.03125,0.016145953333333338,2.960963,0.021480983597358852
0.030714265408198986,0.032237307745529874,-0.11719,0.10938,83,0.035916778523489935,0.023438,0.02489599333333333,5.3516,0.032237307745529874
0.03887133370072504,0.040111207394879056,-0.11719,0.125,92,0.04855319463087249,0.0078125,0.030521049999999997,7.234426000000001,0.040111207394879056
0.03435317525525051,0.03585271266584999,-0.10156,0.10938,85,0.04168440268456376,0.046875,0.02828143333333333,6.2109760000000005,0.03585271266584999
0.03199586404669707,0.0335849133745347,-0.085938,0.14844,90,0.03984926845637584,0.0,0.02583351666666667,5.937541,0.0335849133745347
0.029895268013109624,0.03145799034466443,-0.14063,0.11719,95,0.036441147651006714,0.023438,0.023750183333333334,5.429731,0.03145799034466443
0.03547895859389462,0.03690402142287477,-0.10938,0.125,87,0.043467050335570474,0.03125,0.02734386,6.4765905,0.03690402142287477
0.03000133677785134,0.03193291307775829,-0.11719,0.070313,81,0.035969261744966445,0.039063,0.02500019666666667,5.35942,0.03193291307775829
0.03719646742099831,0.03858568893862507,-0.14844,0.10156,81,0.04393888590604027,0.0078125,0.02963553666666667,6.546894,0.03858568893862507
0.026197017692744254,0.02784159573701431,-0.078125,0.078125,79,0.029100432885906042,0.0078125,0.021198033333333335,4.3359645,0.02784159573701431
0.008225920119941329,0.012629592812055872,-0.03125,0.0078125,56,0.009018496644295302,0.015625,0.010208363333333333,1.343756,0.012629592812055872
0.010250832081209582,0.014320636334558136,-0.03125,0.03125,56,0.01069638255033557,0.0,0.01135422,1.5937609999999998,0.014320636334558136
0.008386160424000168,0.01238565093108419,-0.023438,0.015625,52,0.008441795302013421,0.0,0.01005214,1.2578274999999999,0.01238565093108419
0.008542383101430186,0.013471464827924244,-0.03125,0.0078125,51,0.008389348993288592,0.0078125,0.011145886666666667,1.250013,0.013471464827924244
0.008586083379374245,0.012789693116790046,-0.03125,0.015625,67,0.009333127516778523,0.0078125,0.010208376666666666,1.390636,0.012789693116790046
0.00759800621592855,0.0123527335461967,-0.039063,0.0078125,53,0.008494208053691275,0.0,0.00994796,1.265637,0.0123527335461967
0.008163869005346396,0.01286897816372121,-0.03125,0.015625,49,0.007445543624161073,0.0078125,0.01046879,1.109386,0.01286897816372121
0.007618491622475759,0.01282146231337648,-0.03125,0.0078125,41,0.008074728187919463,0.023438,0.010937539999999999,1.2031345,0.01282146231337648
0.007973417294555843,0.012789693116790046,-0.03125,0.015625,51,0.008703939597315436,0.015625,0.010520876666666667,1.296887,0.012789693116790046
0.012401654237103479,0.016263159736861304,-0.039063,0.039063,59,0.013318080536912752,0.023438,0.013229253333333335,1.984394,0.016263159736861304
0.017239294042073378,0.01982603901354647,-0.046875,0.046875,75,0.020239228187919463,0.0078125,0.01614593333333333,3.015645,0.01982603901354647
0.019823936978265275,0.022179977012574504,-0.054688,0.085938,82,0.0228085033557047,0.0,0.01776055666666667,3.398467,0.022179977012574504
0.01970639085007281,0.022005004167196453,-0.054688,0.054688,78,0.022336604026845636,0.015625,0.01791679666666667,3.328154,0.022005004167196453
0.020383574969459,0.023034914624109202,-0.0625,0.039063,85,0.025744771812080538,0.023438,0.01895848,3.8359710000000002,0.023034914624109202
0.02037904949694961,0.022839765670973945,-0.0625,0.039063,79,0.02349012080536913,0.023438,0.019166810000000003,3.5000280000000004,0.022839765670973945
0.019331108080730627,0.022262336234845914,-0.070313,0.078125,76,0.021707375838926176,0.015625,0.017500099999999998,3.2343990000000002,0.022262336234845914
0.020901689040703546,0.023376843177526484,-0.0625,0.054688,82,0.025115567114093962,0.0,0.018385560000000002,3.7422195000000005,0.023376843177526484
0.02061678638334118,0.022669865162994098,-0.070313,0.046875,92,0.02569229530201343,0.0078125,0.01744801666666667,3.8281520000000007,0.022669865162994098
0.022096093716558438,0.024147437214605886,-0.054688,0.070313,89,0.025482593959731542,0.0078125,0.019010566666666666,3.7969065,0.024147437214605886
0.020416279130531817,0.023210877704681197,-0.0625,0.039063,83,0.02380473825503356,0.0625,0.018437643333333333,3.5469060000000003,0.023210877704681197
0.01792779609442524,0.02040262506255833,-0.054688,0.046875,81,0.021550087248322147,0.023438,0.016823053333333334,3.210963,0.02040262506255833
0.017224189326512745,0.0199691819865011,-0.054688,0.054688,74,0.019662476510067115,0.054688,0.01583342,2.9297090000000003,0.0199691819865011
0.019075797508181815,0.021809967022441826,-0.046875,0.070313,67,0.020868442953020136,0.015625,0.017552206666666667,3.109398,0.021809967022441826
0.02002353353857544,0.02274156608917542,-0.054688,0.054688,80,0.024014442953020135,0.015625,0.018489710000000003,3.578152,0.02274156608917542
0.022809131944878765,0.02516244307991575,-0.054688,0.085938,78,0.028104295302013426,0.0078125,0.020937666666666667,4.18754,0.02516244307991575
0.022749393029997282,0.024746638557051205,-0.070313,0.085938,93,0.027737251677852348,0.0,0.01942724666666667,4.1328505,0.024746638557051205
0.017841580532414223,0.020252507562521734,-0.054688,0.046875,79,0.020449040268456377,0.0078125,0.01604180666666667,3.046907,0.020252507562521734
0.017456129252648066,0.02004038695800724,-0.054688,0.039063,80,0.02128792617449665,0.0078125,0.015989686666666666,3.1719010000000005,0.02004038695800724
0.01945596979457548,0.021995726977491182,-0.0625,0.054688,81,0.024066869127516783,0.015625,0.017656369999999998,3.5859635000000005,0.021995726977491182
0.02047863546419916,0.022928662013514872,-0.078125,0.054688,80,0.023385248322147653,0.015625,0.018437626666666665,3.484402,0.022928662013514872
0.02086574169416995,0.023368132905519003,-0.0625,0.046875,72,0.024171761744966446,0.015625,0.019166813333333334,3.6015925000000006,0.023368132905519003
0.020102169539608295,0.02249873376214759,-0.0625,0.070313,79,0.02469609731543624,0.0078125,0.018333466666666666,3.6797185,0.02249873376214759
0.020540026368122206,0.022687778351056467,-0.046875,0.078125,80,0.023752208053691277,0.023438,0.01817718,3.5390790000000005,0.022687778351056467
0.018032102162039293,0.020670080784473646,-0.046875,0.046875,84,0.021759815436241614,0.0078125,0.01656260666666667,3.2422125000000004,0.020670080784473646
0.02197422660695454,0.024164289575976914,-0.078125,0.070313,77,0.024119325503355705,0.0078125,0.019323090000000005,3.5937795,0.024164289575976914
